Read,10281
Read,103082
Read,10462
Read,104961
Read,105153
Read,10718
Read,10745
Read,113293
Read,114839
Read,117774
Read,117983
Read,11927
Read,121584
Read,12451
Read,13050
Read,131743
Read,131953
Read,13470
Read,134924
Read,13513
Read,135843
Read,137860
Read,139047
Read,140289
Read,143852
Read,145467
Read,147927
Read,14969
Read,150812
Read,15265
Read,154396
Read,155744
Read,15875
Read,15909
Read,166821
Read,168859
Read,170638
Read,179858
Read,183805
Read,191751
Read,191885
Read,191976
Read,192492
Read,195804
Read,196441
Read,199826
Read,202792
Read,204884
Read,205279
Read,206029
Read,207757
Read,222339
Read,239434
Read,242802
Read,26567
Read,26637
Read,27544
Read,28507
Read,307870
Read,31502
Read,32330
Read,33702
Read,34878
Read,38693
Read,39189
Read,39475
Read,39877
Read,43566
Read,43836
Read,50416
Read,59769
Read,60279
Read,6808
Read,70115
Read,72823
Read,73498
Read,76615
Read,8228
Read,8786
Read,89325
Read,89794
Read,90751
Read,91211
Read,91396
Read,91724
Read,92915
Read,9341
Read,99880
Write,100464
Write,100964
Write,101031
Write,103989
Write,106429
Write,113188
Write,117972
Write,122423
Write,123636
Write,124447
Write,124882
Write,129266
Write,131543
Write,139371
Write,147049
Write,148171
Write,151088
Write,151139
Write,152675
Write,152825
Write,153210
Write,162233
Write,162893
Write,163173
Write,163619
Write,165868
Write,166874
Write,168328
Write,171682
Write,175374
Write,175555
Write,175603
Write,176073
Write,182330
Write,190430
Write,194112
Write,194263
Write,194320
Write,194365
Write,194708
Write,195258
Write,195302
Write,195434
Write,195557
Write,196078
Write,196237
Write,196646
Write,198935
Write,199404
Write,199491
Write,199604
Write,199672
Write,200014
Write,201181
Write,202256
Write,202336
Write,202393
Write,202566
Write,202809
Write,204654
Write,204852
Write,205868
Write,205924
Write,206010
Write,206141
Write,206768
Write,207149
Write,207424
Write,207457
Write,208861
Write,209381
Write,210196
Write,210822
Write,210957
Write,210987
Write,211222
Write,211446
Write,211830
Write,212721
Write,213020
Write,213826
Write,214058
Write,214293
Write,215128
Write,215309
Write,215412
Write,215418
Write,216348
Write,216364
Write,216715
Write,217173
Write,217185
Write,217280
Write,217873
Write,218023
Write,218195
Write,21835
Write,218478
Write,219032
Write,219242
Write,219310
Write,219444
Write,219457
Write,219490
Write,219548
Write,219560
Write,220068
Write,220284
Write,221148
Write,222163
Write,222855
Write,222880
Write,223142
Write,223259
Write,223419
Write,223464
Write,223486
Write,223557
Write,223679
Write,224321
Write,225543
Write,225561
Write,225709
Write,226000
Write,226120
Write,226188
Write,226189
Write,226237
Write,226307
Write,226994
Write,227075
Write,227180
Write,227404
Write,227486
Write,227927
Write,228496
Write,228615
Write,229227
Write,229459
Write,229587
Write,229678
Write,230321
Write,230368
Write,230395
Write,230773
Write,231070
Write,231318
Write,231355
Write,231512
Write,231520
Write,232162
Write,232351
Write,232377
Write,232439
Write,233802
Write,234315
Write,235147
Write,235175
Write,235294
Write,235364
Write,235365
Write,235411
Write,235478
Write,235481
Write,237437
Write,237552
Write,237585
Write,237605
Write,237690
Write,237736
Write,238212
Write,238942
Write,238947
Write,239197
Write,239431
Write,239464
Write,239512
Write,240188
Write,240512
Write,240665
Write,240839
Write,241344
Write,242442
Write,242600
Write,243015
Write,243124
Write,243309
Write,243321
Write,244194
Write,244430
Write,244503
Write,244594
Write,245376
Write,245397
Write,245517
Write,246027
Write,246155
Write,246238
Write,248335
Write,249399
Write,249583
Write,250968
Write,252444
Write,252794
Write,253459
Write,253518
Write,253599
Write,253864
Write,254463
Write,255897
Write,256079
Write,256085
Write,257756
Write,258077
Write,259172
Write,262553
Write,263261
Write,263689
Write,264480
Write,264496
Write,264917
Write,265593
Write,266293
Write,268153
Write,268451
Write,270548
Write,271146
Write,271204
Write,271378
Write,274952
Write,275556
Write,276630
Write,277457
Write,277634
Write,279198
Write,280471
Write,280853
Write,281235
Write,283234
Write,284385
Write,284444
Write,285930
Write,287128
Write,288192
Write,288422
Write,289570
Write,290094
Write,290400
Write,290974
Write,291449
Write,294335
Write,298441
Write,298969
Write,300549
Write,302803
Write,303157
Write,307179
Write,307480
Write,310183
Write,316423
Write,318256
Write,319197
Write,320173
Write,322907
Write,324598
Write,324683
Write,326214
Write,326574
Write,334863
Write,336829
Write,339480
Write,339503
Write,339512
Write,342518
Write,34357
Write,344641
Write,348253
Write,349140
Write,351431
Write,356006
Write,359503
Write,366776
Write,414230
Write,476932
Write,480728
Write,49094
Write,50982
Write,51102
Write,52053
Write,532427
Write,53689
Write,56184
Write,586186
Write,597470
Write,67096
Write,67353
Write,69226
Write,71356
Write,73037
Write,78796
Write,82153
Write,82513
Write,91790
Write,96753
